uri,label,district,pressureLevel,listingCount,avgPrice,avgRating,tourismAssetScore,incomeEur,hutCount,licensedBeds,pressureOrdinal,isHighPressure,hutListingRatio,bedsPerHut,lowIncomeHighTourism,listingDistrictShare,incomeVsDistrictAvg,tourismVsDistrictAvg,kmeansCluster,hierarchicalCluster,cluster,pca1,pca2
https://example.org/bda/barcelona-tourism/neighborhood/baro-de-viver,Baró de Viver,Sant Andreu,low,0.0,0.0,0.0,1.0,13678.5,0.0,0.0,1.0,0.0,0.0,0.0,0.0,0.0,0.7397375080859718,0.0673076923076923,0,3,0,-3.911986369532434,-3.3665269703938954
https://example.org/bda/barcelona-tourism/neighborhood/can-baro,Can Baró,Horta-Guinardó,medium,38.0,122.6053,4.6304,2.0,20985.57,25.0,109.0,2.0,0.0,0.6578947368421053,4.36,0.0,0.09268292682926829,0.9993084013521498,0.31884057971014496,2,1,2,-1.236554742432067,0.520495152577567
https://example.org/bda/barcelona-tourism/neighborhood/can-peguera,Can Peguera,Nou Barris,low,1.0,48.0,4.63,1.0,14582.0,0.0,0.0,1.0,0.0,0.0,0.0,0.0,0.005376344086021506,0.9174284842461715,0.40625,0,1,0,-3.0217827069785237,-1.4621440976732831
https://example.org/bda/barcelona-tourism/neighborhood/canyelles,Canyelles,Nou Barris,low,1.0,174.0,4.88,0.0,19592.6,2.0,15.0,1.0,0.0,2.0,7.5,0.0,0.005376344086021506,1.232671054755283,0.0,2,1,2,-0.7029941723422207,2.604448061445056
https://example.org/bda/barcelona-tourism/neighborhood/ciutat-meridiana,Ciutat Meridiana,Nou Barris,low,2.0,49.0,4.67,2.0,11796.5,0.0,0.0,1.0,0.0,0.0,0.0,0.0,0.010752688172043012,0.7421783784398548,0.8125,0,1,0,-3.040329915937449,-2.022736537360611
https://example.org/bda/barcelona-tourism/neighborhood/diagonal-mar-i-el-front-maritim-del-poblenou,Diagonal Mar i el Front Marítim del Poblenou,Sant Martí,high,128.0,261.5156,4.6958,31.0,25314.57,129.0,1039.0,3.0,1.0,1.0078125,8.054263565891473,0.0,0.0890125173852573,1.1366765527550584,2.167832167832168,3,0,3,1.9271162092751883,1.7499047067267381
https://example.org/bda/barcelona-tourism/neighborhood/horta,Horta,Horta-Guinardó,low,13.0,69.7692,4.7975,11.0,21461.24,6.0,52.0,1.0,0.0,0.46153846153846156,8.666666666666666,0.0,0.03170731707317073,1.0219592527357997,1.7536231884057971,2,1,2,-1.4034165142905646,0.5208035537487716
https://example.org/bda/barcelona-tourism/neighborhood/hostafrancs,Hostafrancs,Sants-Montjuïc,high,155.0,208.2903,4.6354,20.0,21022.0,176.0,902.0,3.0,1.0,1.135483870967742,5.125,1.0,0.10347129506008011,1.339489492467323,1.1267605633802817,3,0,3,1.7575380976174797,1.6906717095350565
https://example.org/bda/barcelona-tourism/neighborhood/montbau,Montbau,Horta-Guinardó,low,2.0,72.5,4.815,7.0,21025.0,0.0,0.0,1.0,0.0,0.0,0.0,0.0,0.004878048780487805,1.0011860120277387,1.1159420289855073,0,1,0,-2.5607524517993325,-0.9788614058909063
https://example.org/bda/barcelona-tourism/neighborhood/navas,Navas,Sant Andreu,medium,54.0,342.463,4.5955,2.0,21373.23,25.0,122.0,2.0,0.0,0.46296296296296297,4.88,0.0,0.23684210526315788,1.1558708849616797,0.1346153846153846,2,1,2,-0.317799212208622,1.3519925412120153
https://example.org/bda/barcelona-tourism/neighborhood/pedralbes,Pedralbes,Les Corts,medium,25.0,174.48,4.6795,38.0,37844.71,11.0,93.0,2.0,0.0,0.44,8.454545454545455,0.0,0.07763975155279502,1.2200107801487945,0.957983193277311,2,1,2,-0.07549661594683318,2.20685731425016
https://example.org/bda/barcelona-tourism/neighborhood/porta,Porta,Nou Barris,medium,29.0,97.3103,4.7183,7.0,18258.89,12.0,39.0,2.0,0.0,0.41379310344827586,3.25,0.0,0.15591397849462366,1.14876051136453,2.84375,2,1,2,-0.9456773787594982,-0.33875892983494965
https://example.org/bda/barcelona-tourism/neighborhood/provencals-del-poblenou,Provençals del Poblenou,Sant Martí,medium,81.0,132.0123,4.7475,10.0,20598.75,36.0,193.0,2.0,0.0,0.4444444444444444,5.361111111111111,0.0,0.056328233657858134,0.9249264807209153,0.6993006993006993,2,1,2,-1.135990446658042,0.2625071251718628
https://example.org/bda/barcelona-tourism/neighborhood/sant-andreu,Sant Andreu,Sant Andreu,medium,75.0,103.1733,4.5087,62.0,22392.77,32.0,192.0,2.0,0.0,0.4266666666666667,6.0,0.0,0.32894736842105265,1.2110079233060869,4.173076923076923,2,1,2,0.5011751985722576,-0.4414895213294498
https://example.org/bda/barcelona-tourism/neighborhood/sant-antoni,Sant Antoni,Eixample,high,821.0,219.028,4.6117,34.0,23587.5,669.0,3770.0,3.0,1.0,0.8148599269183922,5.635276532137519,0.0,0.15033876579381067,0.9094670751069753,0.486873508353222,3,0,3,3.084780245917575,-0.4367070854725489
https://example.org/bda/barcelona-tourism/neighborhood/sant-genis-dels-agudells,Sant Genís dels Agudells,Horta-Guinardó,low,4.0,64.0,4.9275,6.0,18555.8,3.0,15.0,1.0,0.0,0.75,5.0,0.0,0.00975609756097561,0.8836055839231539,0.9565217391304348,2,1,2,-1.871436683465262,0.016564403517840037
https://example.org/bda/barcelona-tourism/neighborhood/sant-gervasi-galvany,Sant Gervasi - Galvany,Sarrià-Sant Gervasi,high,489.0,154.6319,4.4413,43.0,36283.19,313.0,2348.0,3.0,1.0,0.6400817995910021,7.501597444089457,0.0,0.5241157556270096,1.0454239208344447,1.372340425531915,3,0,3,3.120359792517915,0.6320219474833207
https://example.org/bda/barcelona-tourism/neighborhood/sant-gervasi-la-bonanova,Sant Gervasi - la Bonanova,Sarrià-Sant Gervasi,high,80.0,139.2875,4.4712,48.0,36110.22,75.0,543.0,3.0,1.0,0.9375,7.24,0.0,0.0857449088960343,1.0404401535420227,1.5319148936170213,3,0,3,1.4326452632200064,1.7401129496032175
https://example.org/bda/barcelona-tourism/neighborhood/sant-marti-de-provencals,Sant Martí de Provençals,Sant Martí,medium,49.0,73.2449,4.6456,4.0,19695.78,14.0,82.0,2.0,0.0,0.2857142857142857,5.857142857142857,0.0,0.034075104311543813,0.8843812600499248,0.2797202797202797,2,1,2,-1.6765991203742556,0.06914805576232652
https://example.org/bda/barcelona-tourism/neighborhood/sant-pere-santa-caterina-i-la-ribera,"Sant Pere, Santa Caterina i la Ribera",Ciutat Vella,high,994.0,153.831,4.6022,71.0,19655.15,237.0,1002.0,3.0,1.0,0.23843058350100604,4.227848101265823,1.0,0.288199478109597,1.1150227534101043,0.7117794486215538,3,0,3,2.494347926834855,-0.8804599150771885
https://example.org/bda/barcelona-tourism/neighborhood/sants,Sants,Sants-Montjuïc,high,286.0,172.486,4.6102,21.0,22917.45,248.0,1268.0,3.0,1.0,0.8671328671328671,5.112903225806452,0.0,0.1909212283044059,1.4602646498499312,1.1830985915492958,3,0,3,1.6599688940573298,1.2914094862280248
https://example.org/bda/barcelona-tourism/neighborhood/sants-badal,Sants - Badal,Sants-Montjuïc,high,156.0,328.4615,4.5634,4.0,20366.38,110.0,513.0,3.0,1.0,0.7051282051282052,4.663636363636364,1.0,0.1041388518024032,1.2977143949004204,0.22535211267605634,3,0,3,1.346375452349724,1.9217820115749296
https://example.org/bda/barcelona-tourism/neighborhood/sarria,Sarrià,Sarrià-Sant Gervasi,medium,72.0,140.1806,4.6424,36.0,35446.38,33.0,176.0,2.0,0.0,0.4583333333333333,5.333333333333333,0.0,0.07717041800643087,1.0213129980849986,1.148936170212766,2,1,2,-0.42069386303388706,1.044788662525059
https://example.org/bda/barcelona-tourism/neighborhood/torre-baro,Torre Baró,Nou Barris,low,2.0,137.0,4.56,1.0,12819.0,0.0,0.0,1.0,0.0,0.0,0.0,0.0,0.010752688172043012,0.8065091029729579,0.40625,0,1,0,-2.818981531940841,-1.514767206952055
https://example.org/bda/barcelona-tourism/neighborhood/vallbona,Vallbona,Nou Barris,low,0.0,0.0,0.0,1.0,13420.0,0.0,0.0,1.0,0.0,0.0,0.0,0.0,0.0,0.8443210985175985,0.40625,0,3,0,-3.818359543780789,-3.26052722358103
https://example.org/bda/barcelona-tourism/neighborhood/vallcarca-i-els-penitents,Vallcarca i els Penitents,Gràcia,medium,73.0,143.4384,4.6496,16.0,27250.91,39.0,252.0,2.0,0.0,0.5342465753424658,6.461538461538462,0.0,0.0540340488527017,1.0909228402630842,0.5161290322580645,2,1,2,-0.7508088599040881,1.189820003092618
https://example.org/bda/barcelona-tourism/neighborhood/vallvidrera-el-tibidabo-i-les-planes,"Vallvidrera, el Tibidabo i les Planes",Sarrià-Sant Gervasi,medium,25.0,139.84,4.7924,22.0,29594.67,3.0,22.0,2.0,0.0,0.12,7.333333333333333,0.0,0.02679528403001072,0.8527082637221676,0.7021276595744681,2,1,2,-1.0560771711561336,0.7803608746778471
https://example.org/bda/barcelona-tourism/neighborhood/verdun,Verdun,Nou Barris,low,10.0,67.0,4.705,1.0,15138.62,3.0,25.0,1.0,0.0,0.3,8.333333333333334,0.0,0.053763440860215055,0.9524483061431064,0.40625,2,1,2,-2.023429918554454,0.14184857968036485
https://example.org/bda/barcelona-tourism/neighborhood/vilapicina-i-la-torre-llobeta,Vilapicina i la Torre Llobeta,Nou Barris,medium,71.0,171.4789,4.6721,2.0,20252.16,17.0,71.0,2.0,0.0,0.23943661971830985,4.176470588235294,0.0,0.3817204301075269,1.2741673605480006,0.8125,2,1,2,-0.619927619523177,0.4659204368810009
https://example.org/bda/barcelona-tourism/neighborhood/el-baix-guinardo,el Baix Guinardó,Horta-Guinardó,high,121.0,143.7107,4.4144,12.0,22595.21,102.0,539.0,3.0,1.0,0.8429752066115702,5.284313725490196,0.0,0.2951219512195122,1.0759575833925936,1.9130434782608696,3,0,3,1.1774255855091498,0.5910765823980538
https://example.org/bda/barcelona-tourism/neighborhood/el-barri-gotic,el Barri Gòtic,Ciutat Vella,high,969.0,174.87,4.5442,156.0,18668.11,236.0,1273.0,3.0,1.0,0.2435500515995872,5.3940677966101696,1.0,0.28095100028993913,1.0590286725444833,1.5639097744360901,3,0,3,3.474312511899607,-1.5577730185180012
https://example.org/bda/barcelona-tourism/neighborhood/el-besos-i-el-maresme,el Besòs i el Maresme,Sant Martí,medium,93.0,244.7419,4.6866,8.0,15073.38,32.0,183.0,2.0,0.0,0.34408602150537637,5.71875,0.0,0.06467315716272601,0.6768259392423827,0.5594405594405594,2,1,2,-1.0574710670354108,-0.1711317628467708
https://example.org/bda/barcelona-tourism/neighborhood/el-bon-pastor,el Bon Pastor,Sant Andreu,low,6.0,116.0,4.762,6.0,16794.86,2.0,4.0,1.0,0.0,0.3333333333333333,2.0,0.0,0.02631578947368421,0.9082712201668872,0.40384615384615385,0,1,0,-2.3089620190017786,-0.5956205846069319
https://example.org/bda/barcelona-tourism/neighborhood/el-camp-d-en-grassot-i-gracia-nova,el Camp d'en Grassot i Gràcia Nova,Gràcia,high,237.0,144.2911,4.6616,16.0,25730.16,228.0,1301.0,3.0,1.0,0.9620253164556962,5.706140350877193,0.0,0.17542561065877127,1.030043372042387,0.5161290322580645,3,0,3,1.3345253885514592,0.9930589211295787
https://example.org/bda/barcelona-tourism/neighborhood/el-camp-de-l-arpa-del-clot,el Camp de l'Arpa del Clot,Sant Martí,high,256.0,248.7969,4.5328,10.0,22370.32,295.0,1516.0,3.0,1.0,1.15234375,5.138983050847457,0.0,0.1780250347705146,1.0044736379732122,0.6993006993006993,3,0,3,1.765255891078021,1.0035552164110075
https://example.org/bda/barcelona-tourism/neighborhood/el-carmel,el Carmel,Horta-Guinardó,medium,76.0,101.7632,4.5387,5.0,16394.68,34.0,173.0,2.0,0.0,0.4473684210526316,5.088235294117647,0.0,0.18536585365853658,0.7806955665955256,0.7971014492753623,2,1,2,-1.2151361423700355,-0.5226232084041873
https://example.org/bda/barcelona-tourism/neighborhood/el-clot,el Clot,Sant Martí,medium,79.0,100.7089,4.6314,4.0,22035.53,52.0,267.0,2.0,0.0,0.6582278481012658,5.134615384615385,0.0,0.05493741307371349,0.9894408745054991,0.2797202797202797,2,1,2,-1.1823877156227371,0.5638783801921216
https://example.org/bda/barcelona-tourism/neighborhood/el-coll,el Coll,Gràcia,medium,35.0,403.4286,4.3236,9.0,21389.8,20.0,109.0,2.0,0.0,0.5714285714285714,5.45,0.0,0.025906735751295335,0.8562877852027444,0.2903225806451613,2,1,2,-0.4869497694718491,1.1837388512353513
https://example.org/bda/barcelona-tourism/neighborhood/el-congres-i-els-indians,el Congrés i els Indians,Sant Andreu,medium,38.0,93.6053,4.7308,16.0,20847.67,6.0,29.0,2.0,0.0,0.15789473684210525,4.833333333333333,0.0,0.16666666666666666,1.127448437708716,1.0769230769230769,2,1,2,-1.1807946633432744,0.09917110917435695
https://example.org/bda/barcelona-tourism/neighborhood/el-fort-pienc,el Fort Pienc,Eixample,high,385.0,178.7325,4.617,27.0,24163.2,380.0,2294.0,3.0,1.0,0.987012987012987,6.036842105263158,0.0,0.07049990844167735,0.9316644336714306,0.3866348448687351,3,0,3,1.80653704697849,0.565461741397876
https://example.org/bda/barcelona-tourism/neighborhood/el-guinardo,el Guinardó,Horta-Guinardó,high,103.0,265.6408,4.6582,13.0,21836.28,72.0,382.0,3.0,1.0,0.6990291262135923,5.305555555555555,1.0,0.25121951219512195,1.0398182207239508,2.072463768115942,3,0,3,1.7253456583397595,1.0050790491547978
https://example.org/bda/barcelona-tourism/neighborhood/el-parc-i-la-llacuna-del-poblenou,el Parc i la Llacuna del Poblenou,Sant Martí,high,164.0,181.9207,4.6457,34.0,23582.89,103.0,528.0,3.0,1.0,0.6280487804878049,5.12621359223301,0.0,0.11404728789986092,1.0589205390098169,2.3776223776223775,3,0,3,1.1783500243766367,0.48888687554499416
https://example.org/bda/barcelona-tourism/neighborhood/el-poble-sec,el Poble Sec,Sants-Montjuïc,high,697.0,205.6944,4.5854,73.0,0.0,571.0,2762.0,3.0,1.0,0.8192252510760402,4.837127845884413,0.0,0.4652870493991989,0.0,4.112676056338028,1,0,1,3.288705461340309,-4.583347360380612
https://example.org/bda/barcelona-tourism/neighborhood/el-poblenou,el Poblenou,Sant Martí,high,412.0,200.8495,4.6634,32.0,23771.45,458.0,2394.0,3.0,1.0,1.1116504854368932,5.22707423580786,0.0,0.2865090403337969,1.0673872730206058,2.2377622377622375,3,0,3,2.870565334343548,0.18156862625896733
https://example.org/bda/barcelona-tourism/neighborhood/el-putxet-i-el-farro,el Putxet i el Farró,Sarrià-Sant Gervasi,high,223.0,137.1435,4.538,24.0,29461.42,202.0,1198.0,3.0,1.0,0.905829596412556,5.930693069306931,0.0,0.2390139335476956,0.8488689448130201,0.7659574468085106,3,0,3,1.4698732134482648,0.7059056920732817
https://example.org/bda/barcelona-tourism/neighborhood/el-raval,el Raval,Ciutat Vella,high,1108.0,129.0957,4.536,138.0,14221.14,248.0,1402.0,3.0,1.0,0.22382671480144403,5.653225806451613,1.0,0.3212525369672369,0.8067552106918832,1.3834586466165413,3,0,3,3.221675277834451,-2.405311425781985
https://example.org/bda/barcelona-tourism/neighborhood/el-turo-de-la-peira,el Turó de la Peira,Nou Barris,low,23.0,38.8696,4.5833,6.0,15725.4,1.0,3.0,1.0,0.0,0.043478260869565216,3.0,0.0,0.12365591397849462,0.9893656484820151,2.4375,0,1,0,-2.0864408552868112,-1.3775128955710125
https://example.org/bda/barcelona-tourism/neighborhood/l-antiga-esquerra-de-l-eixample,l'Antiga Esquerra de l'Eixample,Eixample,high,788.0,186.5876,4.6212,63.0,28278.5,725.0,4666.0,3.0,1.0,0.9200507614213198,6.435862068965517,0.0,0.14429591649880974,1.0903387253169095,0.9021479713603819,3,0,3,3.790343846061242,-0.13023996126239062
https://example.org/bda/barcelona-tourism/neighborhood/la-barceloneta,la Barceloneta,Ciutat Vella,high,378.0,110.6085,4.679,34.0,17965.91,118.0,241.0,3.0,1.0,0.31216931216931215,2.042372881355932,1.0,0.10959698463322702,1.0191933633535295,0.3408521303258145,3,0,3,0.5604214976306958,-0.4308416796211411
https://example.org/bda/barcelona-tourism/neighborhood/la-bordeta,la Bordeta,Sants-Montjuïc,medium,68.0,104.9706,4.753,3.0,21269.62,42.0,222.0,2.0,0.0,0.6176470588235294,5.285714285714286,0.0,0.04539385847797063,1.3552674578428705,0.16901408450704225,2,1,2,-1.1405247259973526,1.2840814325364345
https://example.org/bda/barcelona-tourism/neighborhood/la-clota,la Clota,Horta-Guinardó,low,4.0,215.0,5.0,3.0,20747.0,0.0,0.0,1.0,0.0,0.0,0.0,0.0,0.00975609756097561,0.9879479758163849,0.4782608695652174,0,1,0,-2.245269545318388,-0.3632635953539863
https://example.org/bda/barcelona-tourism/neighborhood/la-dreta-de-l-eixample,la Dreta de l'Eixample,Eixample,high,1942.0,252.8352,4.6482,242.0,29815.34,1802.0,12472.0,3.0,1.0,0.9279093717816684,6.921198668146504,0.0,0.35561252517853875,1.1495949152356124,3.465393794749404,1,2,1,10.447939730880444,-4.164980858079156
https://example.org/bda/barcelona-tourism/neighborhood/la-font-d-en-fargues,la Font d'en Fargues,Horta-Guinardó,low,27.0,118.6296,4.0892,2.0,26166.0,4.0,51.0,1.0,0.0,0.14814814814814814,12.75,0.0,0.06585365853658537,1.2459944442671966,0.31884057971014496,2,1,2,-1.312367248218633,1.8245888106496135
https://example.org/bda/barcelona-tourism/neighborhood/la-font-de-la-guatlla,la Font de la Guatlla,Sants-Montjuïc,high,88.0,236.6477,4.5619,6.0,21888.57,139.0,667.0,3.0,1.0,1.5795454545454546,4.798561151079137,1.0,0.05874499332443257,1.3947059994356137,0.3380281690140845,3,0,3,1.6100896858328853,2.5907520512873465
https://example.org/bda/barcelona-tourism/neighborhood/la-guineueta,la Guineueta,Nou Barris,low,9.0,61.2222,4.7525,9.0,20288.73,1.0,4.0,1.0,0.0,0.1111111111111111,4.0,0.0,0.04838709677419355,1.276468166999028,3.65625,2,1,2,-1.576163712444984,-0.46248032852836995
https://example.org/bda/barcelona-tourism/neighborhood/la-marina-de-port,la Marina de Port,Sants-Montjuïc,medium,40.0,55.025,4.7797,10.0,18088.29,8.0,48.0,2.0,0.0,0.2,6.0,0.0,0.0267022696929239,1.1525580055038414,0.5633802816901409,2,1,2,-1.6376576375311822,0.32631773053341995
https://example.org/bda/barcelona-tourism/neighborhood/la-marina-del-prat-vermell,la Marina del Prat Vermell,Sants-Montjuïc,low,8.0,125.625,4.452,5.0,0.0,3.0,10.0,1.0,0.0,0.375,3.3333333333333335,0.0,0.0053404539385847796,0.0,0.28169014084507044,0,1,0,-2.9527320764087386,-3.0276110174538715
https://example.org/bda/barcelona-tourism/neighborhood/la-maternitat-i-sant-ramon,la Maternitat i Sant Ramon,Les Corts,medium,78.0,166.9103,4.6192,37.0,26100.0,47.0,313.0,2.0,0.0,0.6025641025641025,6.659574468085107,0.0,0.2422360248447205,0.841393192387616,0.9327731092436975,2,1,2,-0.10785577480901853,0.43160211324405545
https://example.org/bda/barcelona-tourism/neighborhood/la-nova-esquerra-de-l-eixample,la Nova Esquerra de l'Eixample,Eixample,high,639.0,246.7981,4.5418,42.0,26255.95,510.0,3000.0,3.0,1.0,0.7981220657276995,5.882352941176471,0.0,0.11701153634865409,1.012354935904822,0.6014319809069213,3,0,3,2.764271061669835,0.30174702066014375
https://example.org/bda/barcelona-tourism/neighborhood/la-prosperitat,la Prosperitat,Nou Barris,low,24.0,62.2083,4.6787,0.0,16938.25,3.0,15.0,1.0,0.0,0.125,5.0,0.0,0.12903225806451613,1.0656722687753883,0.0,2,1,2,-2.2474931975372274,-0.17783880076267103
https://example.org/bda/barcelona-tourism/neighborhood/la-sagrada-familia,la Sagrada Família,Eixample,high,886.0,190.7562,4.6161,11.0,23512.62,824.0,4464.0,3.0,1.0,0.9300225733634312,5.41747572815534,0.0,0.16224134773850943,0.906579914764251,0.15751789976133654,3,0,3,3.2088886332308784,-0.5238973876949956
https://example.org/bda/barcelona-tourism/neighborhood/la-sagrera,la Sagrera,Sant Andreu,medium,49.0,104.2245,4.7088,13.0,20804.5,25.0,179.0,2.0,0.0,0.5102040816326531,7.16,0.0,0.2149122807017544,1.1251137907646747,0.875,2,1,2,-0.678959364246831,0.7169557366099029
https://example.org/bda/barcelona-tourism/neighborhood/la-salut,la Salut,Gràcia,medium,65.0,133.0923,4.6842,18.0,25761.2,37.0,144.0,2.0,0.0,0.5692307692307692,3.891891891891892,0.0,0.04811250925240563,1.0312859817373206,0.5806451612903226,2,1,2,-1.0163925150868869,0.613359767392435
https://example.org/bda/barcelona-tourism/neighborhood/la-teixonera,la Teixonera,Horta-Guinardó,low,16.0,68.1875,4.4914,0.0,17841.25,5.0,28.0,1.0,0.0,0.3125,5.6,0.0,0.03902439024390244,0.8495795451647986,0.0,2,1,2,-2.317935837231446,-0.2541212995700215
https://example.org/bda/barcelona-tourism/neighborhood/la-trinitat-nova,la Trinitat Nova,Nou Barris,low,3.0,47.6667,5.0,2.0,13792.8,0.0,0.0,1.0,0.0,0.0,0.0,0.0,0.016129032258064516,0.8677758604793988,0.8125,0,1,0,-2.903636153046041,-1.5824679917468223
https://example.org/bda/barcelona-tourism/neighborhood/la-trinitat-vella,la Trinitat Vella,Sant Andreu,low,6.0,53.5,4.0983,4.0,13545.6,5.0,17.0,1.0,0.0,0.8333333333333334,3.4,0.0,0.02631578947368421,0.7325502350059832,0.2692307692307692,0,1,0,-2.3554824709833553,-0.8853870026261073
https://example.org/bda/barcelona-tourism/neighborhood/la-vall-d-hebron,la Vall d'Hebron,Horta-Guinardó,low,6.0,86.3333,3.98,8.0,23393.0,1.0,4.0,1.0,0.0,0.16666666666666666,4.0,0.0,0.014634146341463415,1.1139474140007082,1.2753623188405798,2,1,2,-2.071302952493305,-0.17895125857476774
https://example.org/bda/barcelona-tourism/neighborhood/la-verneda-i-la-pau,la Verneda i la Pau,Sant Martí,medium,42.0,85.5,4.4392,0.0,18176.62,9.0,49.0,2.0,0.0,0.21428571428571427,5.444444444444445,0.0,0.02920723226703755,0.8161678338734828,0.0,2,1,2,-1.9102290748401765,-0.1863898110824615
https://example.org/bda/barcelona-tourism/neighborhood/la-vila-olimpica-del-poblenou,la Vila Olímpica del Poblenou,Sant Martí,high,134.0,229.3284,4.6627,10.0,32087.6,106.0,724.0,3.0,1.0,0.7910447761194029,6.830188679245283,0.0,0.09318497913769123,1.4407996088491022,0.6993006993006993,3,0,3,1.3331126810496539,2.7279121106757134
https://example.org/bda/barcelona-tourism/neighborhood/la-vila-de-gracia,la Vila de Gràcia,Gràcia,high,941.0,175.2402,4.6055,96.0,24766.36,804.0,4218.0,3.0,1.0,0.8544102019128587,5.246268656716418,0.0,0.6965210954848261,0.9914600207544644,3.096774193548387,1,0,1,5.392067050737825,-1.9881679503520622
https://example.org/bda/barcelona-tourism/neighborhood/les-corts,les Corts,Les Corts,high,219.0,169.7626,4.6251,44.0,29115.23,208.0,1139.0,3.0,1.0,0.9497716894977168,5.475961538461538,0.0,0.6801242236024845,0.9385960274635896,1.1092436974789917,3,0,3,2.639038636160648,0.4143751584996194
https://example.org/bda/barcelona-tourism/neighborhood/les-roquetes,les Roquetes,Nou Barris,low,11.0,71.2727,4.6725,0.0,14022.6,2.0,6.0,1.0,0.0,0.18181818181818182,3.0,0.0,0.05913978494623656,0.8822337582766674,0.0,0,1,0,-2.6090318684534544,-0.8477827171717406
https://example.org/bda/barcelona-tourism/neighborhood/les-tres-torres,les Tres Torres,Sarrià-Sant Gervasi,medium,44.0,144.1818,4.6063,15.0,41344.18,36.0,196.0,2.0,0.0,0.8181818181818182,5.444444444444445,0.0,0.04715969989281887,1.1912457190033465,0.4787234042553192,2,1,2,-0.3727800719187559,2.3061902568031347
